iter,wake_jitter_us,period_us,sensor_us,control_us,actuator_us,total_exec_us,overrun_period,overrun_budget,speed,voltage
0,83,10083,0,0,0,0,1,0,1.025000,20.500000
1,87,10003,0,0,0,0,1,0,1.918687,18.898750
2,80,9993,0,0,0,0,0,0,2.698525,17.515441
3,89,10008,0,0,0,0,1,0,3.379641,16.320839
4,86,9997,0,0,0,0,0,0,3.975140,15.289626
5,87,10000,0,0,0,0,0,0,4.496377,14.399870
6,82,9994,0,0,0,0,0,0,4.953187,13.632578
7,90,10007,0,0,0,0,1,0,5.354092,12.971299
8,86,9996,0,0,0,0,0,0,5.706477,12.401783
9,101,10014,0,0,0,0,1,0,6.016737,11.911690
10,89,9988,0,0,0,0,0,0,6.290417,11.490332
11,84,9995,0,0,0,0,0,0,6.532319,11.128452
12,84,10000,0,0,0,0,0,0,6.746605,10.818032
13,83,9998,0,0,0,0,0,0,6.936881,10.552131
14,85,10002,0,0,0,0,1,0,7.106274,10.324734
15,89,10003,0,0,0,0,1,0,7.257492,10.130635
16,81,9992,0,0,0,0,0,0,7.392883,9.965324
17,83,10001,0,0,0,0,1,0,7.514484,9.824897
18,85,10002,0,0,0,0,1,0,7.624058,9.705971
19,101,10015,0,0,0,0,1,0,7.723136,9.605620
20,89,9987,0,0,0,0,0,0,7.813045,9.521307
21,85,9996,0,0,0,0,0,0,7.894935,9.450837
22,84,9998,0,0,0,0,0,0,7.969803,9.392311
23,108,10023,0,0,0,0,1,0,8.038517,9.344084
24,89,9980,0,0,0,0,0,0,8.101828,9.304730
25,89,10000,0,0,0,0,0,0,8.160387,9.273017
26,85,9996,0,0,0,0,0,0,8.214762,9.247879
27,83,9998,0,0,0,0,0,0,8.265443,9.228392
28,106,10022,0,0,0,0,1,0,8.312859,9.213756
29,100,9994,0,0,0,0,0,0,8.357380,9.203282
30,86,9985,0,19,0,19,0,0,8.399330,9.196371
31,86,9999,0,0,0,0,0,0,8.438989,9.192505
32,83,9997,0,0,0,0,0,0,8.476601,9.191238
33,82,10000,0,0,0,0,0,0,8.512380,9.192183
34,83,10000,0,0,0,0,0,0,8.546511,9.195006
35,122,10039,0,0,0,0,1,0,8.579157,9.199418
36,137,10014,0,0,0,0,1,0,8.610457,9.205169
37,103,9966,0,0,0,0,0,0,8.640537,9.212045
38,90,9986,0,0,0,0,0,0,8.669503,9.219860
39,100,10010,0,0,0,0,1,0,8.697450,9.228452
40,88,9988,0,0,0,0,0,0,8.724462,9.237685
41,94,10005,0,0,0,0,1,0,8.750611,9.247438
42,102,10008,0,0,0,0,1,0,8.775961,9.257610
43,89,9986,0,0,0,0,0,0,8.800568,9.268112
44,85,9996,0,0,0,0,0,0,8.824483,9.278869
45,87,10001,0,0,0,0,1,0,8.847750,9.289814
46,82,9995,0,0,0,0,0,0,8.870407,9.300894
47,81,9999,0,0,0,0,0,0,8.892490,9.312059
48,84,10002,0,0,0,0,1,0,8.914029,9.323269
49,100,10015,0,0,0,0,1,0,8.935052,9.334490
50,88,9988,0,0,0,0,0,0,8.955584,9.345691
51,85,9997,0,0,0,0,0,0,8.975647,9.356848
52,84,9998,0,0,0,0,0,0,8.995262,9.367939
53,84,10000,0,0,0,0,0,0,9.014446,9.378947
54,84,9999,0,0,0,0,0,0,9.033216,9.389856
55,82,9998,0,0,0,0,0,0,9.051588,9.400654
56,87,10005,0,0,0,0,1,0,9.069575,9.411331
57,84,9996,0,0,0,0,0,0,9.087191,9.421878
58,103,10019,0,0,0,0,1,0,9.104445,9.432288
59,101,9997,0,0,0,0,0,0,9.121351,9.442556
60,89,9987,0,0,0,0,0,0,9.137917,9.452678
61,84,9994,0,0,0,0,0,0,9.154154,9.462649
62,85,10000,0,0,0,0,0,0,9.170070,9.472468
63,86,10001,0,0,0,0,1,0,9.185673,9.482133
64,84,9997,0,0,0,0,0,0,9.200971,9.491643
65,83,9999,0,0,0,0,0,0,9.215973,9.500998
66,85,10002,0,0,0,0,1,0,9.230684,9.510196
67,86,10000,0,0,0,0,0,0,9.245112,9.519240
68,80,9994,0,0,0,0,0,0,9.259263,9.528129
69,100,10019,0,0,0,0,1,0,9.273143,9.536864
70,89,9989,0,0,0,0,0,0,9.286758,9.545447
71,83,9993,0,0,0,0,0,0,9.300114,9.553878
72,85,10001,0,0,0,0,1,0,9.313216,9.562161
73,105,10020,0,0,0,0,1,0,9.326070,9.570295
74,107,10001,0,0,0,0,1,0,9.338681,9.578284
75,87,9980,0,0,0,0,0,0,9.351053,9.586128
76,88,10000,0,0,0,0,0,0,9.363192,9.593831
77,82,9994,0,0,0,0,0,0,9.375102,9.601393
78,107,10024,0,0,0,0,1,0,9.386788,9.608818
79,100,9993,0,0,0,0,0,0,9.398254,9.616107
80,89,9988,0,0,0,0,0,0,9.409504,9.623263
81,84,9994,0,0,0,0,0,0,9.420543,9.630287
82,83,9999,0,0,0,0,0,0,9.431375,9.637181
83,104,10020,0,0,0,0,1,0,9.442004,9.643949
84,90,9985,0,0,0,0,0,0,9.452433,9.650591
85,103,10013,0,0,0,0,1,0,9.462667,9.657111
86,84,9980,0,0,0,0,0,0,9.472709,9.663510
87,104,10019,0,0,0,0,1,0,9.482563,9.669790
88,86,9982,0,0,0,0,0,0,9.492233,9.675954
89,101,10015,0,0,0,0,1,0,9.501721,9.682003
90,90,9988,0,0,0,0,0,0,9.511032,9.687940
91,101,10010,0,0,0,0,1,0,9.520169,9.693766
92,104,10003,0,0,0,0,1,0,9.529135,9.699485
93,112,10008,0,0,0,0,1,0,9.537933,9.705096
94,88,9975,0,0,0,0,0,0,9.546566,9.710603
95,107,10019,0,0,0,0,1,0,9.555038,9.716008
96,94,9986,0,0,0,0,0,0,9.563352,9.721312
97,87,9992,0,0,0,0,0,0,9.571510,9.726517
98,82,9995,0,0,0,0,0,0,9.579516,9.731625
99,100,10017,0,0,0,0,1,0,9.587372,9.736638
100,87,9987,0,0,0,0,0,0,9.595081,9.741557
101,97,10009,0,0,0,0,1,0,9.602647,9.746384
102,84,9987,0,0,0,0,0,0,9.610070,9.751122
103,85,10001,0,0,0,0,1,0,9.617355,9.755771
104,82,9996,0,0,0,0,0,0,9.624504,9.760333
105,82,10000,0,0,0,0,0,0,9.631520,9.764810
106,86,10004,0,0,0,0,1,0,9.638404,9.769203
107,81,9994,0,0,0,0,0,0,9.645159,9.773515
108,92,10011,0,0,0,0,1,0,9.651789,9.777746
109,101,10009,0,0,0,0,1,0,9.658294,9.781898
110,88,9986,0,0,0,0,0,0,9.664678,9.785972
111,86,9998,0,0,0,0,0,0,9.670943,9.789970
112,86,10000,0,0,0,0,0,0,9.677090,9.793894
113,82,9995,0,0,0,0,0,0,9.683123,9.797744
114,82,10000,0,0,0,0,0,0,9.689043,9.801523
115,99,10016,0,0,0,0,1,0,9.694852,9.805231
116,88,9989,0,0,0,0,0,0,9.700553,9.808869
117,86,9997,0,0,0,0,0,0,9.706147,9.812440
118,85,9999,0,0,0,0,0,0,9.711637,9.815944
119,101,10015,0,0,0,0,1,0,9.717025,9.819382
120,85,9984,0,0,0,0,0,0,9.722311,9.822757
121,84,9999,0,0,0,0,0,0,9.727499,9.826068
122,84,9999,0,0,0,0,0,0,9.732590,9.829317
123,107,10023,0,0,0,0,1,0,9.737586,9.832506
124,92,9984,0,0,0,0,0,0,9.742488,9.835635
125,84,9992,0,0,0,0,0,0,9.747299,9.838706
126,82,9998,0,0,0,0,0,0,9.752020,9.841719
127,88,10005,0,0,0,0,1,0,9.756653,9.844676
128,106,10018,0,0,0,0,1,0,9.761199,9.847578
129,101,9994,0,0,0,0,0,0,9.765660,9.850425
130,87,9986,0,0,0,0,0,0,9.770038,9.853220
131,85,9997,0,0,0,0,0,0,9.774335,9.855962
132,85,10000,0,0,0,0,0,0,9.778550,9.858653
133,84,10000,0,0,0,0,0,0,9.782688,9.861293
134,83,9999,0,0,0,0,0,0,9.786747,9.863885
135,86,10002,0,0,0,0,1,0,9.790731,9.866428
136,85,9999,0,0,0,0,0,0,9.794641,9.868923
137,101,10015,0,0,0,0,1,0,9.798478,9.871372
138,82,9981,0,0,0,0,0,0,9.802242,9.873775
139,99,10016,0,0,0,0,1,0,9.805937,9.876133
140,91,9991,0,0,0,0,0,0,9.809562,9.878447
141,83,9992,0,0,0,0,0,0,9.813120,9.880718
142,100,10016,0,0,0,0,1,0,9.816612,9.882946
143,89,9989,0,0,0,0,0,0,9.820038,9.885133
144,84,9994,0,0,0,0,0,0,9.823400,9.887279
145,97,10012,0,0,0,0,1,0,9.826699,9.889385
146,84,9987,0,0,0,0,0,0,9.829937,9.891452
147,83,9999,0,0,0,0,0,0,9.833114,9.893479
148,85,10001,0,0,0,0,1,0,9.836232,9.895469
149,98,10013,0,0,0,0,1,0,9.839291,9.897422
150,87,9989,0,0,0,0,0,0,9.842293,9.899339
151,102,10014,0,0,0,0,1,0,9.845240,9.901219
152,101,9998,0,0,0,0,0,0,9.848131,9.903065
153,103,10002,0,0,0,0,1,0,9.850968,9.904876
154,103,9999,0,0,0,0,0,0,9.853752,9.906653
155,91,9988,0,0,0,0,0,0,9.856485,9.908397
156,85,9994,0,0,0,0,0,0,9.859166,9.910108
157,85,9999,0,0,0,0,0,0,9.861797,9.911787
158,83,9997,0,0,0,0,0,0,9.864379,9.913435
159,126,10043,0,0,0,0,1,0,9.866913,9.915053
160,95,9968,0,0,0,0,0,0,9.869399,9.916640
161,84,9989,0,0,0,0,0,0,9.871839,9.918197
162,85,10000,0,0,0,0,0,0,9.874233,9.919725
163,83,9998,0,0,0,0,0,0,9.876583,9.921225
164,105,10021,0,0,0,0,1,0,9.878888,9.922697
165,106,10001,0,0,0,0,1,0,9.881151,9.924141
166,89,9983,0,0,0,0,0,0,9.883371,9.925558
167,83,9993,0,0,0,0,0,0,9.885550,9.926949
168,103,10019,0,0,0,0,1,0,9.887688,9.928313
169,89,9986,0,0,0,0,0,0,9.889787,9.929653
170,85,9995,0,0,0,0,0,0,9.891846,9.930967
171,83,9998,0,0,0,0,0,0,9.893866,9.932257
172,83,9999,0,0,0,0,0,0,9.895849,9.933522
173,106,10023,0,0,0,0,1,0,9.897795,9.934764
174,90,9983,0,0,0,0,0,0,9.899704,9.935983
175,86,9996,0,0,0,0,0,0,9.901578,9.937179
176,83,9996,0,0,0,0,0,0,9.903417,9.938353
177,83,9999,0,0,0,0,0,0,9.905221,9.939504
178,109,10025,0,0,0,0,1,0,9.906992,9.940634
179,86,9977,0,0,0,0,0,0,9.908729,9.941744
180,87,10001,0,0,0,0,1,0,9.910434,9.942832
181,98,10010,0,0,0,0,1,0,9.912108,9.943900
182,83,9985,0,0,0,0,0,0,9.913750,9.944948
183,112,10028,0,0,0,0,1,0,9.915361,9.945976
184,89,9976,0,0,0,0,0,0,9.916942,9.946986
185,101,10012,0,0,0,0,1,0,9.918494,9.947976
186,84,9982,0,0,0,0,0,0,9.920017,9.948948
187,83,9999,0,0,0,0,0,0,9.921511,9.949902
188,87,10003,0,0,0,0,1,0,9.922977,9.950838
189,100,10013,0,0,0,0,1,0,9.924416,9.951756
190,102,10002,0,0,0,0,1,0,9.925828,9.952657
191,98,9996,0,0,0,0,0,0,9.927214,9.953542
192,104,10005,0,0,0,0,1,0,9.928574,9.954410
193,89,9984,0,0,0,0,0,0,9.929908,9.955262
194,87,9998,0,0,0,0,0,0,9.931218,9.956097
195,101,10013,0,0,0,0,1,0,9.932503,9.956918
196,91,9989,0,0,0,0,0,0,9.933764,9.957722
197,83,9992,0,0,0,0,0,0,9.935001,9.958512
198,82,9999,0,0,0,0,0,0,9.936215,9.959287
199,84,10001,0,0,0,0,1,0,9.937407,9.960048
200,106,10022,0,0,0,0,1,0,9.938576,9.960794
201,88,9981,0,0,0,0,0,0,9.939724,9.961527
202,84,9996,0,0,0,0,0,0,9.940850,9.962246
203,86,10001,0,0,0,0,1,0,9.941955,9.962951
204,84,9997,0,0,0,0,0,0,9.943039,9.963643
205,84,10000,0,0,0,0,0,0,9.944104,9.964322
206,108,10024,0,0,0,0,1,0,9.945148,9.964989
207,92,9983,0,0,0,0,0,0,9.946173,9.965643
208,86,9993,0,0,0,0,0,0,9.947178,9.966285
209,85,9999,0,0,0,0,0,0,9.948165,9.966915
210,103,10018,0,0,0,0,1,0,9.949133,9.967533
211,88,9984,0,0,0,0,0,0,9.950084,9.968139
212,84,9995,0,0,0,0,0,0,9.951016,9.968735
213,82,9998,0,0,0,0,0,0,9.951931,9.969319
214,84,10002,0,0,0,0,1,0,9.952829,9.969892
215,84,9999,0,0,0,0,0,0,9.953711,9.970454
216,81,9997,0,0,0,0,0,0,9.954575,9.971006
217,81,10000,0,0,0,0,0,0,9.955424,9.971548
218,98,10016,0,0,0,0,1,0,9.956257,9.972079
219,78,9980,0,0,0,0,0,0,9.957074,9.972601
220,94,10015,0,0,0,0,1,0,9.957876,9.973113
221,80,9986,0,0,0,0,0,0,9.958663,9.973615
222,78,9997,0,0,0,0,0,0,9.959435,9.974108
223,97,10018,0,0,0,0,1,0,9.960193,9.974592
224,83,9986,0,0,0,0,0,0,9.960937,9.975067
225,79,9996,0,0,0,0,0,0,9.961666,9.975532
226,78,9998,0,0,0,0,0,0,9.962383,9.975990
227,77,9999,0,0,0,0,0,0,9.963085,9.976438
228,93,10016,0,0,0,0,1,0,9.963775,9.976878
229,96,10002,0,0,0,0,1,0,9.964452,9.977310
230,96,9999,0,0,0,0,0,0,9.965116,9.977734
231,82,9985,0,0,0,0,0,0,9.965768,9.978150
232,80,9997,0,0,0,0,0,0,9.966407,9.978558
233,96,10016,0,0,0,0,1,0,9.967035,9.978959
234,87,9991,0,0,0,0,0,0,9.967651,9.979352
235,81,9993,0,0,0,0,0,0,9.968255,9.979738
236,78,9997,0,0,0,0,0,0,9.968848,9.980116
237,78,10000,0,0,0,0,0,0,9.969430,9.980488
238,79,10000,0,0,0,0,0,0,9.970001,9.980852
239,78,9999,0,0,0,0,0,0,9.970562,9.981210
240,96,10018,0,0,0,0,1,0,9.971112,9.981561
241,177,10081,0,5,0,5,1,0,9.971651,9.981905
242,97,9920,0,0,0,0,0,0,9.972181,9.982244
243,78,9980,0,0,0,0,0,0,9.972701,9.982575
244,80,10002,0,0,0,0,1,0,9.973211,9.982901
245,97,10016,0,0,0,0,1,0,9.973711,9.983220
246,105,10008,0,0,0,0,1,0,9.974202,9.983534
247,105,10000,0,0,0,0,0,0,9.974684,9.983841
248,91,9985,0,0,0,0,0,0,9.975157,9.984143
249,108,10017,0,0,0,0,1,0,9.975621,9.984439
250,88,9979,0,0,0,0,0,0,9.976077,9.984730
251,83,9994,0,22,0,22,0,0,9.976524,9.985015
252,85,10002,0,0,0,0,1,0,9.976962,9.985295
253,84,9999,0,0,0,0,0,0,9.977393,9.985570
254,82,9997,0,0,0,0,0,0,9.977815,9.985840
255,82,9999,0,0,0,0,0,0,9.978229,9.986104
256,85,10002,0,0,0,0,1,0,9.978636,9.986364
257,83,9998,0,0,0,0,0,0,9.979035,9.986619
258,105,10021,0,0,0,0,1,0,9.979427,9.986869
259,85,9980,0,0,0,0,0,0,9.979811,9.987114
260,83,9998,0,0,0,0,0,0,9.980188,9.987355
261,85,10002,0,0,0,0,1,0,9.980559,9.987591
262,83,9997,0,0,0,0,0,0,9.980922,9.987823
263,82,9999,0,0,0,0,0,0,9.981278,9.988050
264,106,10024,0,0,0,0,1,0,9.981628,9.988273
265,86,9979,0,0,0,0,0,0,9.981971,9.988493
266,83,9996,0,0,0,0,0,0,9.982308,9.988708
267,88,10005,0,0,0,0,1,0,9.982639,9.988918
268,101,10013,0,0,0,0,1,0,9.982963,9.989125
269,105,10003,0,0,0,0,1,0,9.983281,9.989329
270,87,9982,0,0,0,0,0,0,9.983594,9.989528
271,81,9994,0,0,0,0,0,0,9.983900,9.989724
272,84,10003,15,0,0,15,1,0,9.984201,9.989916
273,109,10024,0,0,0,0,1,0,9.984496,9.990104
274,84,9975,0,0,0,0,0,0,9.984786,9.990289
275,82,9997,0,0,0,0,0,0,9.985070,9.990470
276,83,10001,0,0,0,0,1,0,9.985349,9.990648
277,83,10000,0,0,0,0,0,0,9.985622,9.990823
278,80,9997,0,0,0,0,0,0,9.985891,9.990995
279,82,10001,0,0,0,0,1,0,9.986155,9.991163
280,84,10001,0,0,0,0,1,0,9.986413,9.991328
281,82,9998,0,0,0,0,0,0,9.986667,9.991490
282,81,9998,0,0,0,0,0,0,9.986916,9.991649
283,100,10019,0,0,0,0,1,0,9.987161,9.991805
284,100,9999,0,0,0,0,0,0,9.987401,9.991958
285,110,10009,0,0,0,0,1,0,9.987636,9.992108
286,83,9973,0,0,0,0,0,0,9.987867,9.992256
287,83,10000,0,0,0,0,0,0,9.988094,9.992400
288,108,10025,0,0,0,0,1,0,9.988316,9.992542
289,106,9998,0,0,0,0,0,0,9.988534,9.992682
290,90,9983,0,0,0,0,0,0,9.988749,9.992818
291,88,9998,0,0,0,0,0,0,9.988959,9.992953
292,110,10021,0,0,0,0,1,0,9.989165,9.993084
293,89,9978,0,0,0,0,0,0,9.989367,9.993213
294,84,9995,0,0,0,0,0,0,9.989566,9.993340
295,101,10016,0,0,0,0,1,0,9.989761,9.993465
296,88,9987,0,0,0,0,0,0,9.989952,9.993587
297,85,9996,0,0,0,0,0,0,9.990140,9.993707
298,85,10000,0,0,0,0,0,0,9.990324,9.993824
299,107,10021,0,0,0,0,1,0,9.990505,9.993939
300,85,9978,0,0,0,0,0,0,9.990682,9.994053
301,83,9997,0,0,0,0,0,0,9.990856,9.994164
302,81,9997,0,0,0,0,0,0,9.991027,9.994273
303,84,10003,0,0,0,0,1,0,9.991195,9.994380
304,82,9997,0,0,0,0,0,0,9.991359,9.994485
305,87,10004,0,0,0,0,1,0,9.991521,9.994588
306,86,9998,0,0,0,0,0,0,9.991679,9.994689
307,82,9996,0,0,0,0,0,0,9.991835,9.994788
308,106,10024,0,0,0,0,1,0,9.991987,9.994886
309,88,9981,0,0,0,0,0,0,9.992137,9.994981
310,82,9994,0,0,0,0,0,0,9.992284,9.995075
311,82,9999,0,0,0,0,0,0,9.992428,9.995167
312,86,10004,0,0,0,0,1,0,9.992569,9.995257
313,82,9996,0,0,0,0,0,0,9.992708,9.995346
314,120,10037,0,0,0,0,1,0,9.992844,9.995433
315,85,9965,0,0,0,0,0,0,9.992978,9.995518
316,88,10002,0,0,0,0,1,0,9.993109,9.995602
317,86,9998,0,0,0,0,0,0,9.993238,9.995684
318,84,9997,0,0,0,0,0,0,9.993364,9.995765
319,85,10001,0,0,0,0,1,0,9.993488,9.995844
320,81,9996,0,0,0,0,0,0,9.993610,9.995921
321,82,10000,0,0,0,0,0,0,9.993729,9.995998
322,82,9999,0,0,0,0,0,0,9.993847,9.996072
323,84,10002,0,0,0,0,1,0,9.993961,9.996146
324,83,9998,0,0,0,0,0,0,9.994074,9.996218
325,81,9997,0,0,0,0,0,0,9.994185,9.996288
326,87,10006,0,0,0,0,1,0,9.994294,9.996358
327,81,9994,0,0,0,0,0,0,9.994400,9.996426
328,81,9999,0,0,0,0,0,0,9.994505,9.996493
329,82,10001,0,0,0,0,1,0,9.994608,9.996558
330,86,10003,0,0,0,0,1,0,9.994708,9.996622
331,81,9995,0,0,0,0,0,0,9.994807,9.996685
332,83,10002,0,0,0,0,1,0,9.994904,9.996747
333,85,10002,0,0,0,0,1,0,9.994999,9.996808
334,81,9995,0,0,0,0,0,0,9.995093,9.996868
335,81,10000,0,0,0,0,0,0,9.995184,9.996926
336,85,10003,0,0,0,0,1,0,9.995274,9.996984
337,84,9999,0,0,0,0,0,0,9.995363,9.997040
338,106,10021,0,0,0,0,1,0,9.995449,9.997095
339,105,9999,0,0,0,0,0,0,9.995534,9.997150
340,88,9983,0,0,0,0,0,0,9.995618,9.997203
341,83,9994,0,0,0,0,0,0,9.995700,9.997255
342,97,10014,0,0,0,0,1,0,9.995780,9.997306
343,84,9986,0,0,0,0,0,0,9.995859,9.997357
344,86,10001,0,0,0,0,1,0,9.995936,9.997406
345,82,9996,0,0,0,0,0,0,9.996012,9.997455
346,84,10001,0,0,0,0,1,0,9.996087,9.997502
347,86,10001,0,0,0,0,1,0,9.996160,9.997549
348,85,9999,0,0,0,0,0,0,9.996231,9.997595
349,108,10022,0,0,0,0,1,0,9.996302,9.997640
350,84,9976,0,0,0,0,0,0,9.996371,9.997684
351,81,9997,0,0,0,0,0,0,9.996439,9.997727
352,133,10051,0,0,0,0,1,0,9.996505,9.997769
353,114,9981,0,0,0,0,0,0,9.996571,9.997811
354,146,10031,0,0,0,0,1,0,9.996635,9.997852
355,130,9984,0,0,0,0,0,0,9.996698,9.997892
356,136,10005,0,0,0,0,1,0,9.996759,9.997931
357,139,10002,0,0,0,0,1,0,9.996820,9.997970
358,112,9972,0,0,0,0,0,0,9.996879,9.998008
359,98,9986,0,0,0,0,0,0,9.996937,9.998045
360,91,9993,0,0,0,0,0,0,9.996995,9.998082
361,104,10012,0,0,0,0,1,0,9.997051,9.998118
362,96,9992,0,0,0,0,0,0,9.997106,9.998153
363,129,10032,0,0,0,0,1,0,9.997160,9.998187
364,96,9967,0,0,0,0,0,0,9.997213,9.998221
365,92,9996,0,0,0,0,0,0,9.997265,9.998254
366,141,10048,0,0,0,0,1,0,9.997316,9.998287
367,105,9964,0,0,0,0,0,0,9.997366,9.998319
368,94,9988,0,0,0,0,0,0,9.997416,9.998350
369,79,9984,0,0,0,0,0,0,9.997464,9.998381
370,98,10019,0,0,0,0,1,0,9.997511,9.998411
371,94,9995,0,0,0,0,0,0,9.997558,9.998441
372,117,10023,0,0,0,0,1,0,9.997603,9.998470
373,98,9981,0,0,0,0,0,0,9.997648,9.998499
374,88,9989,0,0,0,0,0,0,9.997692,9.998527
375,84,9996,0,0,0,0,0,0,9.997735,9.998554
376,83,9999,0,0,0,0,0,0,9.997777,9.998581
377,82,9998,0,0,0,0,0,0,9.997819,9.998608
378,82,9999,0,0,0,0,0,0,9.997860,9.998634
379,83,10001,0,0,0,0,1,0,9.997900,9.998659
380,84,10000,0,0,0,0,0,0,9.997939,9.998684
381,83,9998,0,0,0,0,0,0,9.997977,9.998709
382,83,10000,0,0,0,0,0,0,9.998015,9.998733
383,82,9998,0,0,0,0,0,0,9.998052,9.998757
384,103,10020,0,0,0,0,1,0,9.998089,9.998780
385,112,10009,0,0,0,0,1,0,9.998124,9.998803
386,90,9978,0,0,0,0,0,0,9.998159,9.998825
387,83,9992,0,0,0,0,0,0,9.998194,9.998847
388,108,10025,0,0,0,0,1,0,9.998228,9.998869
389,87,9978,0,0,0,0,0,0,9.998261,9.998890
390,86,9999,0,0,0,0,0,0,9.998293,9.998911
391,101,10014,0,0,0,0,1,0,9.998325,9.998931
392,101,9999,0,0,0,0,0,0,9.998356,9.998951
393,90,9988,0,0,0,0,0,0,9.998387,9.998971
394,86,9996,0,0,0,0,0,0,9.998417,9.998990
395,101,10014,0,0,0,0,1,0,9.998447,9.999009
396,130,10029,0,0,0,0,1,0,9.998476,9.999027
397,84,9953,0,0,0,0,0,0,9.998504,9.999045
398,84,10000,0,0,0,0,0,0,9.998532,9.999063
399,105,10021,0,0,0,0,1,0,9.998560,9.999081
400,89,9983,0,0,0,0,0,0,9.998587,9.999098
401,83,9994,0,0,0,0,0,0,9.998613,9.999115
402,84,10001,0,0,0,0,1,0,9.998639,9.999131
403,85,10001,0,0,0,0,1,0,9.998664,9.999147
404,82,9996,0,0,0,0,0,0,9.998689,9.999163
405,102,10020,0,0,0,0,1,0,9.998714,9.999179
406,83,9980,0,0,0,0,0,0,9.998738,9.999194
407,82,9999,0,0,0,0,0,0,9.998761,9.999209
408,102,10020,0,0,0,0,1,0,9.998784,9.999224
409,91,9988,0,0,0,0,0,0,9.998807,9.999239
410,83,9992,0,0,0,0,0,0,9.998829,9.999253
411,82,9999,0,0,0,0,0,0,9.998851,9.999267
412,84,10001,0,0,0,0,1,0,9.998873,9.999281
413,83,9999,0,0,0,0,0,0,9.998894,9.999294
414,85,10001,0,0,0,0,1,0,9.998915,9.999307
415,82,9997,0,0,0,0,0,0,9.998935,9.999320
416,82,9999,0,0,0,0,0,0,9.998955,9.999333
417,84,10002,0,0,0,0,1,0,9.998974,9.999345
418,83,9998,0,0,0,0,0,0,9.998993,9.999358
419,82,9998,0,0,0,0,0,0,9.999012,9.999370
420,83,10001,0,0,0,0,1,0,9.999031,9.999381
421,82,9998,0,0,0,0,0,0,9.999049,9.999393
422,83,10000,0,0,0,0,0,0,9.999067,9.999404
423,82,9999,0,0,0,0,0,0,9.999084,9.999415
424,85,10002,0,0,0,0,1,0,9.999101,9.999426
425,82,9997,0,0,0,0,0,0,9.999118,9.999437
426,83,10000,0,0,0,0,0,0,9.999134,9.999447
427,82,9998,0,0,0,0,0,0,9.999151,9.999458
428,81,9999,0,0,0,0,0,0,9.999166,9.999468
429,97,10015,0,0,0,0,1,0,9.999182,9.999478
430,87,9990,0,0,0,0,0,0,9.999197,9.999488
431,87,10000,0,0,0,0,0,0,9.999212,9.999497
432,82,9995,0,0,0,0,0,0,9.999227,9.999507
433,83,10001,0,0,0,0,1,0,9.999241,9.999516
434,85,10002,0,0,0,0,1,0,9.999256,9.999525
435,82,9996,0,0,0,0,0,0,9.999270,9.999534
436,102,10020,0,0,0,0,1,0,9.999283,9.999542
437,90,9987,0,0,0,0,0,0,9.999297,9.999551
438,110,10020,0,0,0,0,1,0,9.999310,9.999559
439,86,9976,0,0,0,0,0,0,9.999323,9.999568
440,88,10001,0,0,0,0,1,0,9.999335,9.999576
441,97,10009,0,0,0,0,1,0,9.999348,9.999584
442,103,10005,0,0,0,0,1,0,9.999360,9.999591
443,90,9986,0,0,0,0,0,0,9.999372,9.999599
444,87,9997,0,0,0,0,0,0,9.999384,9.999607
445,82,9995,0,0,0,0,0,0,9.999395,9.999614
446,82,9999,0,0,0,0,0,0,9.999406,9.999621
447,83,10000,0,0,0,0,0,0,9.999417,9.999628
448,86,10002,0,0,0,0,1,0,9.999428,9.999635
449,111,10025,0,0,0,0,1,0,9.999439,9.999642
450,100,9989,0,0,0,0,0,0,9.999449,9.999649
451,90,9989,0,0,0,0,0,0,9.999460,9.999655
452,84,9994,0,0,0,0,0,0,9.999470,9.999662
453,83,9998,0,0,0,0,0,0,9.999480,9.999668
454,87,10004,0,0,0,0,1,0,9.999489,9.999674
455,82,9994,0,0,0,0,0,0,9.999499,9.999680
456,82,10000,0,0,0,0,0,0,9.999508,9.999686
457,84,10001,0,0,0,0,1,0,9.999518,9.999692
458,106,10022,0,0,0,0,1,0,9.999527,9.999698
459,89,9982,0,0,0,0,0,0,9.999535,9.999703
460,103,10013,0,0,0,0,1,0,9.999544,9.999709
461,83,9980,0,0,0,0,0,0,9.999553,9.999714
462,83,10000,0,0,0,0,0,0,9.999561,9.999720
463,82,9999,0,0,0,0,0,0,9.999569,9.999725
464,104,10021,0,0,0,0,1,0,9.999577,9.999730
465,89,9985,0,0,0,0,0,0,9.999585,9.999735
466,99,10009,0,0,0,0,1,0,9.999593,9.999740
467,85,9985,0,0,0,0,0,0,9.999600,9.999745
468,102,10017,0,0,0,0,1,0,9.999608,9.999750
469,90,9988,0,0,0,0,0,0,9.999615,9.999754
470,86,9995,0,0,0,0,0,0,9.999622,9.999759
471,83,9996,0,0,0,0,0,0,9.999630,9.999764
472,84,10001,0,0,0,0,1,0,9.999636,9.999768
473,102,10017,0,0,0,0,1,0,9.999643,9.999772
474,90,9987,0,0,0,0,0,0,9.999650,9.999777
475,87,9996,0,0,0,0,0,0,9.999656,9.999781
476,101,10014,0,0,0,0,1,0,9.999663,9.999785
477,82,9981,0,0,0,0,0,0,9.999669,9.999789
478,82,9999,0,0,0,0,0,0,9.999675,9.999793
479,96,10014,0,0,0,0,1,0,9.999681,9.999797
480,108,10012,0,0,0,0,1,0,9.999687,9.999800
481,87,9978,0,0,0,0,0,0,9.999693,9.999804
482,85,9998,0,0,0,0,0,0,9.999699,9.999808
483,87,10002,0,0,0,0,1,0,9.999705,9.999811
484,97,10009,0,0,0,0,1,0,9.999710,9.999815
485,103,10006,0,0,0,0,1,0,9.999715,9.999818
486,79,9976,0,0,0,0,0,0,9.999721,9.999822
487,79,9999,0,0,0,0,0,0,9.999726,9.999825
488,107,10027,0,0,0,0,1,0,9.999731,9.999828
489,87,9979,0,0,0,0,0,0,9.999736,9.999832
490,87,10000,0,0,0,0,0,0,9.999741,9.999835
491,112,10024,0,0,0,0,1,0,9.999746,9.999838
492,103,9990,0,0,0,0,0,0,9.999751,9.999841
493,90,9986,0,0,0,0,0,0,9.999755,9.999844
494,83,9993,0,0,0,0,0,0,9.999760,9.999847
495,101,10018,0,0,0,0,1,0,9.999764,9.999850
496,92,9990,0,0,0,0,0,0,9.999769,9.999852
497,83,9991,0,0,0,0,0,0,9.999773,9.999855
498,86,10003,0,0,0,0,1,0,9.999777,9.999858
499,108,10022,0,0,0,0,1,0,9.999782,9.999861
