iter,wake_time_s,wake_jitter_us,period_us,sensor_us,control_us,actuator_us,total_exec_us,overrun_period,overrun_budget,speed,voltage
0,424428.757050,109,10109,0,0,0,0,1,0,1.025000,20.500000
1,424428.767030,89,9979,0,0,0,0,0,0,1.918687,18.898750
2,424428.777023,82,9993,0,0,0,0,0,0,2.698525,17.515441
3,424428.787031,90,10007,0,0,0,0,1,0,3.379641,16.320839
4,424428.797023,82,9991,0,0,0,0,0,0,3.975140,15.289626
5,424428.807026,85,10003,0,0,0,0,1,0,4.496377,14.399870
6,424428.817046,104,10019,0,0,0,0,1,0,4.953187,13.632578
7,424428.827047,106,10001,0,0,0,0,1,0,5.354092,12.971299
8,424428.837054,113,10007,0,0,0,0,1,0,5.706477,12.401783
9,424428.847025,84,9970,0,0,0,0,0,0,6.016737,11.911690
10,424428.857064,123,10039,0,0,0,0,1,0,6.290417,11.490332
11,424428.867031,90,9966,0,0,0,0,0,0,6.532319,11.128452
12,424428.877028,87,9996,0,0,0,0,0,0,6.746605,10.818032
13,424428.887024,83,9996,0,0,0,0,0,0,6.936881,10.552131
14,424428.897044,103,10020,0,0,0,0,1,0,7.106274,10.324734
15,424428.907033,92,9988,0,0,0,0,0,0,7.257492,10.130635
16,424428.917030,89,9997,0,0,0,0,0,0,7.392883,9.965324
17,424428.927027,86,9996,0,0,0,0,0,0,7.514484,9.824897
18,424428.937025,84,9997,0,0,0,0,0,0,7.624058,9.705971
19,424428.947025,84,10000,0,0,0,0,0,0,7.723136,9.605620
20,424428.957024,83,9998,0,0,0,0,0,0,7.813045,9.521307
21,424428.967045,104,10020,0,0,0,0,1,0,7.894935,9.450837
22,424428.977025,84,9980,0,0,0,0,0,0,7.969803,9.392311
23,424428.987081,140,10055,0,0,0,0,1,0,8.038517,9.344084
24,424428.997038,97,9957,0,0,0,0,0,0,8.101828,9.304730
25,424429.007073,132,10035,0,0,0,0,1,0,8.160387,9.273017
26,424429.017044,102,9970,0,0,0,0,0,0,8.214762,9.247879
27,424429.027046,105,10002,0,0,0,0,1,0,8.265443,9.228392
28,424429.037064,123,10018,0,0,0,0,1,0,8.312859,9.213756
29,424429.047061,120,9996,0,0,0,0,0,0,8.357380,9.203282
30,424429.057086,145,10025,0,0,0,0,1,0,8.399330,9.196371
31,424429.067077,136,9990,0,0,0,0,0,0,8.438989,9.192505
32,424429.077053,111,9975,0,0,0,0,0,0,8.476601,9.191238
33,424429.087065,123,10012,0,0,0,0,1,0,8.512380,9.192183
34,424429.097054,113,9989,0,0,0,0,0,0,8.546511,9.195006
35,424429.107055,113,10000,0,0,0,0,0,0,8.579157,9.199418
36,424429.117055,114,10000,0,0,0,0,0,0,8.610457,9.205169
37,424429.127052,111,9997,0,0,0,0,0,0,8.640537,9.212045
38,424429.137073,131,10020,0,0,0,0,1,0,8.669503,9.219860
39,424429.147073,132,10000,0,0,0,0,0,0,8.697450,9.228452
40,424429.157027,86,9953,0,0,0,0,0,0,8.724462,9.237685
41,424429.167025,84,9998,0,0,0,0,0,0,8.750611,9.247438
42,424429.177034,93,10008,0,21,0,21,1,0,8.775961,9.257610
43,424429.187027,86,9993,0,0,0,0,0,0,8.800568,9.268112
44,424429.197029,88,10001,0,0,0,0,1,0,8.824483,9.278869
45,424429.207023,82,9994,0,0,0,0,0,0,8.847750,9.289814
46,424429.217024,83,10000,0,0,0,0,0,0,8.870407,9.300894
47,424429.227025,84,10000,0,0,0,0,0,0,8.892490,9.312059
48,424429.237041,99,10015,0,0,0,0,1,0,8.914029,9.323269
49,424429.247037,96,9996,0,0,0,0,0,0,8.935052,9.334490
50,424429.257041,100,10004,0,0,0,0,1,0,8.955584,9.345691
51,424429.267030,89,9988,0,0,0,0,0,0,8.975647,9.356848
52,424429.277031,90,10000,0,0,0,0,0,0,8.995262,9.367939
53,424429.287027,86,9996,0,0,0,0,0,0,9.014446,9.378947
54,424429.297028,87,10001,0,0,0,0,1,0,9.033216,9.389856
55,424429.307028,87,9999,0,0,0,0,0,0,9.051588,9.400654
56,424429.317024,83,9996,0,0,0,0,0,0,9.069575,9.411331
57,424429.327025,84,10001,0,0,0,0,1,0,9.087191,9.421878
58,424429.337053,112,10027,0,0,0,0,1,0,9.104445,9.432288
59,424429.347056,114,10002,0,0,0,0,1,0,9.121351,9.442556
60,424429.357047,105,9991,0,0,0,0,0,0,9.137917,9.452678
61,424429.367049,108,10002,0,0,0,0,1,0,9.154154,9.462649
62,424429.377052,111,10003,0,0,0,0,1,0,9.170070,9.472468
63,424429.387076,135,10023,0,0,0,0,1,0,9.185673,9.482133
64,424429.397056,115,9980,0,0,0,0,0,0,9.200971,9.491643
65,424429.407065,124,10008,0,0,0,0,1,0,9.215973,9.500998
66,424429.417029,88,9963,0,0,0,0,0,0,9.230684,9.510196
67,424429.427024,83,9995,0,0,0,0,0,0,9.245112,9.519240
68,424429.437045,104,10021,0,0,0,0,1,0,9.259263,9.528129
69,424429.447022,81,9976,0,0,0,0,0,0,9.273143,9.536864
70,424429.457030,89,10008,0,0,0,0,1,0,9.286758,9.545447
71,424429.467024,83,9994,0,0,0,0,0,0,9.300114,9.553878
72,424429.477028,86,10003,0,0,0,0,1,0,9.313216,9.562161
73,424429.487024,82,9996,0,0,0,0,0,0,9.326070,9.570295
74,424429.497047,106,10023,0,0,0,0,1,0,9.338681,9.578284
75,424429.507033,92,9986,0,0,0,0,0,0,9.351053,9.586128
76,424429.517025,84,9991,0,0,0,0,0,0,9.363192,9.593831
77,424429.527043,102,10017,0,0,0,0,1,0,9.375102,9.601393
78,424429.537026,85,9983,0,0,0,0,0,0,9.386788,9.608818
79,424429.547025,84,9999,0,0,0,0,0,0,9.398254,9.616107
80,424429.557044,102,10018,0,0,0,0,1,0,9.409504,9.623263
81,424429.567030,89,9986,0,0,0,0,0,0,9.420543,9.630287
82,424429.577029,87,9998,0,0,0,0,0,0,9.431375,9.637181
83,424429.587026,85,9997,0,0,0,0,0,0,9.442004,9.643949
84,424429.597043,102,10016,0,0,0,0,1,0,9.452433,9.650591
85,424429.607029,88,9986,0,0,0,0,0,0,9.462667,9.657111
86,424429.617030,89,10000,0,0,0,0,0,0,9.472709,9.663510
87,424429.627026,85,9996,0,0,0,0,0,0,9.482563,9.669790
88,424429.637038,97,10011,0,0,0,0,1,0,9.492233,9.675954
89,424429.647022,80,9983,0,0,0,0,0,0,9.501721,9.682003
90,424429.657027,86,10005,0,0,0,0,1,0,9.511032,9.687940
91,424429.667040,99,10013,0,0,0,0,1,0,9.520169,9.693766
92,424429.677050,109,10010,0,0,0,0,1,0,9.529135,9.699485
93,424429.687026,85,9976,0,0,0,0,0,0,9.537933,9.705096
94,424429.697047,106,10020,0,0,0,0,1,0,9.546566,9.710603
95,424429.707029,88,9982,0,0,0,0,0,0,9.555038,9.716008
96,424429.717041,100,10012,0,0,0,0,1,0,9.563352,9.721312
97,424429.727023,82,9982,0,0,0,0,0,0,9.571510,9.726517
98,424429.737026,85,10002,0,0,0,0,1,0,9.579516,9.731625
99,424429.747024,82,9997,0,0,0,0,0,0,9.587372,9.736638
100,424429.757026,85,10002,0,0,0,0,1,0,9.595081,9.741557
101,424429.767027,86,10001,0,0,0,0,1,0,9.602647,9.746384
102,424429.777023,82,9995,0,0,0,0,0,0,9.610070,9.751122
103,424429.787047,106,10024,0,0,0,0,1,0,9.617355,9.755771
104,424429.797032,90,9984,0,0,0,0,0,0,9.624504,9.760333
105,424429.807026,85,9994,0,0,0,0,0,0,9.631520,9.764810
106,424429.817067,126,10040,0,0,0,0,1,0,9.638404,9.769203
107,424429.827030,89,9963,0,0,0,0,0,0,9.645159,9.773515
108,424429.837039,98,10008,0,0,0,0,1,0,9.651789,9.777746
109,424429.847040,99,10001,0,0,0,0,1,0,9.658294,9.781898
110,424429.857027,86,9987,0,0,0,0,0,0,9.664678,9.785972
111,424429.867025,84,9997,0,0,0,0,0,0,9.670943,9.789970
112,424429.877028,87,10003,0,0,0,0,1,0,9.677090,9.793894
113,424429.887023,82,9995,0,0,0,0,0,0,9.683123,9.797744
114,424429.897024,83,10001,0,0,0,0,1,0,9.689043,9.801523
115,424429.907024,83,9999,0,0,0,0,0,0,9.694852,9.805231
116,424429.917028,87,10003,0,0,0,0,1,0,9.700553,9.808869
117,424429.927024,83,9996,0,0,0,0,0,0,9.706147,9.812440
118,424429.937025,84,10000,0,0,0,0,0,0,9.711637,9.815944
119,424429.947023,82,9998,0,0,0,0,0,0,9.717025,9.819382
120,424429.957024,83,10001,0,0,0,0,1,0,9.722311,9.822757
121,424429.967040,99,10015,0,0,0,0,1,0,9.727499,9.826068
122,424429.977027,86,9986,0,0,0,0,0,0,9.732590,9.829317
123,424429.987023,82,9995,0,0,0,0,0,0,9.737586,9.832506
124,424429.997046,104,10022,0,0,0,0,1,0,9.742488,9.835635
125,424430.007030,89,9985,0,0,0,0,0,0,9.747299,9.838706
126,424430.017027,86,9996,0,0,0,0,0,0,9.752020,9.841719
127,424430.027028,87,10001,0,0,0,0,1,0,9.756653,9.844676
128,424430.037043,102,10014,0,0,0,0,1,0,9.761199,9.847578
129,424430.047021,80,9978,0,0,0,0,0,0,9.765660,9.850425
130,424430.057020,79,9999,0,0,0,0,0,0,9.770038,9.853220
131,424430.067028,87,10008,0,0,0,0,1,0,9.774335,9.855962
132,424430.077024,83,9995,0,0,0,0,0,0,9.778550,9.858653
133,424430.087024,83,10000,0,0,0,0,0,0,9.782688,9.861293
134,424430.097027,86,10002,0,0,0,0,1,0,9.786747,9.863885
135,424430.107026,85,9998,0,0,0,0,0,0,9.790731,9.866428
136,424430.117024,83,9998,0,0,0,0,0,0,9.794641,9.868923
137,424430.127070,129,10045,0,0,0,0,1,0,9.798478,9.871372
138,424430.137024,83,9954,0,0,0,0,0,0,9.802242,9.873775
139,424430.147025,84,10001,0,0,0,0,1,0,9.805937,9.876133
140,424430.157025,84,9999,0,0,0,0,0,0,9.809562,9.878447
141,424430.167041,100,10015,0,0,0,0,1,0,9.813120,9.880718
142,424430.177032,91,9990,0,0,0,0,0,0,9.816612,9.882946
143,424430.187025,84,9993,0,0,0,0,0,0,9.820038,9.885133
144,424430.197029,87,10003,0,0,0,0,1,0,9.823400,9.887279
145,424430.207036,95,10007,0,0,0,0,1,0,9.826699,9.889385
146,424430.217023,82,9986,0,0,0,0,0,0,9.829937,9.891452
147,424430.227025,84,10001,0,0,0,0,1,0,9.833114,9.893479
148,424430.237039,98,10013,0,0,0,0,1,0,9.836232,9.895469
149,424430.247024,83,9985,0,0,0,0,0,0,9.839291,9.897422
150,424430.257038,97,10013,0,0,0,0,1,0,9.842293,9.899339
151,424430.267028,87,9990,0,0,0,0,0,0,9.845240,9.901219
152,424430.277029,87,10000,0,0,0,0,0,0,9.848131,9.903065
153,424430.287023,82,9994,0,0,0,0,0,0,9.850968,9.904876
154,424430.297025,84,10001,0,0,0,0,1,0,9.853752,9.906653
155,424430.307026,85,10001,0,0,0,0,1,0,9.856485,9.908397
156,424430.317023,82,9996,0,0,0,0,0,0,9.859166,9.910108
157,424430.327023,82,10000,0,0,0,0,0,0,9.861797,9.911787
158,424430.337023,82,10000,0,0,0,0,0,0,9.864379,9.913435
159,424430.347023,82,9999,0,0,0,0,0,0,9.866913,9.915053
160,424430.357025,84,10002,0,0,0,0,1,0,9.869399,9.916640
161,424430.367039,98,10014,0,0,0,0,1,0,9.871839,9.918197
162,424430.377027,86,9987,0,0,0,0,0,0,9.874233,9.919725
163,424430.387024,83,9997,0,0,0,0,0,0,9.876583,9.921225
164,424430.397025,83,10000,0,0,0,0,0,0,9.878888,9.922697
165,424430.407048,107,10023,0,0,0,0,1,0,9.881151,9.924141
166,424430.417030,88,9981,0,0,0,0,0,0,9.883371,9.925558
167,424430.427025,84,9995,0,0,0,0,0,0,9.885550,9.926949
168,424430.437040,98,10014,0,0,0,0,1,0,9.887688,9.928313
169,424430.447021,80,9981,0,0,0,0,0,0,9.889787,9.929653
170,424430.457027,85,10005,0,0,0,0,1,0,9.891846,9.930967
171,424430.467028,87,10001,0,0,0,0,1,0,9.893866,9.932257
172,424430.477024,82,9995,0,0,0,0,0,0,9.895849,9.933522
173,424430.487022,81,9998,0,0,0,0,0,0,9.897795,9.934764
174,424430.497044,103,10021,0,0,0,0,1,0,9.899704,9.935983
175,424430.507033,92,9988,0,0,0,0,0,0,9.901578,9.937179
176,424430.517024,83,9991,0,0,0,0,0,0,9.903417,9.938353
177,424430.527024,83,10000,0,0,0,0,0,0,9.905221,9.939504
178,424430.537025,84,10000,0,0,0,0,0,0,9.906992,9.940634
179,424430.547025,84,10000,0,0,0,0,0,0,9.908729,9.941744
180,424430.557025,84,9999,0,0,0,0,0,0,9.910434,9.942832
181,424430.567023,82,9998,0,0,0,0,0,0,9.912108,9.943900
182,424430.577027,86,10003,0,0,0,0,1,0,9.913750,9.944948
183,424430.587028,87,10001,0,0,0,0,1,0,9.915361,9.945976
184,424430.597027,86,9998,0,0,0,0,0,0,9.916942,9.946986
185,424430.607023,82,9996,0,0,0,0,0,0,9.918494,9.947976
186,424430.617024,82,10000,0,0,0,0,0,0,9.920017,9.948948
187,424430.627025,84,10001,0,0,0,0,1,0,9.921511,9.949902
188,424430.637043,102,10018,0,0,0,0,1,0,9.922977,9.950838
189,424430.647021,80,9977,0,0,0,0,0,0,9.924416,9.951756
190,424430.657027,86,10006,0,0,0,0,1,0,9.925828,9.952657
191,424430.667025,84,9997,0,0,0,0,0,0,9.927214,9.953542
192,424430.677027,86,10001,0,0,0,0,1,0,9.928574,9.954410
193,424430.687023,82,9995,0,0,0,0,0,0,9.929908,9.955262
194,424430.697029,88,10006,0,0,0,0,1,0,9.931218,9.956097
195,424430.707045,103,10015,0,0,0,0,1,0,9.932503,9.956918
196,424430.717032,91,9987,0,0,0,0,0,0,9.933764,9.957722
197,424430.727027,86,9994,0,0,0,0,0,0,9.935001,9.958512
198,424430.737027,86,10000,0,0,0,0,0,0,9.936215,9.959287
199,424430.747026,85,9998,0,0,0,0,0,0,9.937407,9.960048
200,424430.757027,86,10001,0,0,0,0,1,0,9.938576,9.960794
201,424430.767022,81,9994,0,0,0,0,0,0,9.939724,9.961527
202,424430.777023,82,10001,0,0,0,0,1,0,9.940850,9.962246
203,424430.787023,82,9999,0,0,0,0,0,0,9.941955,9.962951
204,424430.797028,87,10005,0,0,0,0,1,0,9.943039,9.963643
205,424430.807024,82,9995,0,0,0,0,0,0,9.944104,9.964322
206,424430.817022,81,9998,0,0,0,0,0,0,9.945148,9.964989
207,424430.827024,83,10002,0,0,0,0,1,0,9.946173,9.965643
208,424430.837044,103,10020,0,0,0,0,1,0,9.947178,9.966285
209,424430.847026,85,9981,0,0,0,0,0,0,9.948165,9.966915
210,424430.857027,86,10001,0,0,0,0,1,0,9.949133,9.967533
211,424430.867024,83,9997,0,0,0,0,0,0,9.950084,9.968139
212,424430.877027,86,10002,0,0,0,0,1,0,9.951016,9.968735
213,424430.887026,85,9998,0,0,0,0,0,0,9.951931,9.969319
214,424430.897028,87,10001,0,0,0,0,1,0,9.952829,9.969892
215,424430.907023,82,9995,0,0,0,0,0,0,9.953711,9.970454
216,424430.917026,85,10002,0,0,0,0,1,0,9.954575,9.971006
217,424430.927024,83,9997,0,0,0,0,0,0,9.955424,9.971548
218,424430.937024,83,10000,0,0,0,0,0,0,9.956257,9.972079
219,424430.947024,83,9999,0,0,0,0,0,0,9.957074,9.972601
220,424430.957025,84,10001,0,0,0,0,1,0,9.957876,9.973113
221,424430.967024,82,9998,0,0,0,0,0,0,9.958663,9.973615
222,424430.977025,84,10001,0,0,0,0,1,0,9.959435,9.974108
223,424430.987023,81,9997,0,0,0,0,0,0,9.960193,9.974592
224,424430.997024,83,10001,0,20,0,20,1,0,9.960937,9.975067
225,424431.007024,83,10000,0,0,0,0,0,0,9.961666,9.975532
226,424431.017026,85,10002,0,0,0,0,1,0,9.962383,9.975990
227,424431.027027,86,10001,0,0,0,0,1,0,9.963085,9.976438
228,424431.037042,101,10014,0,0,0,0,1,0,9.963775,9.976878
229,424431.047023,82,9981,0,0,0,0,0,0,9.964452,9.977310
230,424431.057027,86,10004,0,0,0,0,1,0,9.965116,9.977734
231,424431.067027,86,10000,0,0,0,0,0,0,9.965768,9.978150
232,424431.077022,81,9994,0,0,0,0,0,0,9.966407,9.978558
233,424431.087027,85,10004,0,0,0,0,1,0,9.967035,9.978959
234,424431.097028,87,10001,0,0,0,0,1,0,9.967651,9.979352
235,424431.107026,85,9998,0,0,0,0,0,0,9.968255,9.979738
236,424431.117026,85,9999,0,0,0,0,0,0,9.968848,9.980116
237,424431.127024,82,9997,0,0,0,0,0,0,9.969430,9.980488
238,424431.137023,82,9999,0,0,0,0,0,0,9.970001,9.980852
239,424431.147029,88,10005,0,0,0,0,1,0,9.970562,9.981210
240,424431.157024,82,9994,0,0,0,0,0,0,9.971112,9.981561
241,424431.167027,85,10002,0,0,0,0,1,0,9.971651,9.981905
242,424431.177023,81,9996,0,0,0,0,0,0,9.972181,9.982244
243,424431.187025,84,10002,0,0,0,0,1,0,9.972701,9.982575
244,424431.197024,83,9998,0,0,0,0,0,0,9.973211,9.982901
245,424431.207022,81,9997,0,0,0,0,0,0,9.973711,9.983220
246,424431.217029,88,10006,0,0,0,0,1,0,9.974202,9.983534
247,424431.227024,83,9995,0,0,0,0,0,0,9.974684,9.983841
248,424431.237040,98,10015,0,0,0,0,1,0,9.975157,9.984143
249,424431.247035,94,9995,0,0,0,0,0,0,9.975621,9.984439
250,424431.257036,95,10000,0,0,0,0,0,0,9.976077,9.984730
251,424431.267020,79,9984,0,0,0,0,0,0,9.976524,9.985015
252,424431.277026,85,10006,0,0,0,0,1,0,9.976962,9.985295
253,424431.287022,81,9996,0,0,0,0,0,0,9.977393,9.985570
254,424431.297024,82,10001,0,0,0,0,1,0,9.977815,9.985840
255,424431.307026,85,10002,0,0,0,0,1,0,9.978229,9.986104
256,424431.317027,86,10000,0,0,0,0,0,0,9.978636,9.986364
257,424431.327024,83,9997,0,0,0,0,0,0,9.979035,9.986619
258,424431.337027,86,10003,0,0,0,0,1,0,9.979427,9.986869
259,424431.347043,102,10015,0,0,0,0,1,0,9.979811,9.987114
260,424431.357028,87,9985,0,0,0,0,0,0,9.980188,9.987355
261,424431.367023,81,9994,0,0,0,0,0,0,9.980559,9.987591
262,424431.377026,85,10003,0,0,0,0,1,0,9.980922,9.987823
263,424431.387026,85,9999,0,0,0,0,0,0,9.981278,9.988050
264,424431.397025,84,9999,0,0,0,0,0,0,9.981628,9.988273
265,424431.407047,105,10021,0,0,0,0,1,0,9.981971,9.988493
266,424431.417049,107,10001,0,0,0,0,1,0,9.982308,9.988708
267,424431.427027,86,9978,0,0,0,0,0,0,9.982639,9.988918
268,424431.437073,132,10045,0,0,0,0,1,0,9.982963,9.989125
269,424431.447031,90,9958,0,0,0,0,0,0,9.983281,9.989329
270,424431.457028,86,9996,0,0,0,0,0,0,9.983594,9.989528
271,424431.467026,85,9998,0,0,0,0,0,0,9.983900,9.989724
272,424431.477028,87,10001,0,0,0,0,1,0,9.984201,9.989916
273,424431.487024,83,9996,0,0,0,0,0,0,9.984496,9.990104
274,424431.497027,86,10002,0,0,0,0,1,0,9.984786,9.990289
275,424431.507029,87,10001,0,0,0,0,1,0,9.985070,9.990470
276,424431.517025,84,9996,0,0,0,0,0,0,9.985349,9.990648
277,424431.527026,85,10000,0,0,0,0,0,0,9.985622,9.990823
278,424431.537028,87,10001,0,0,0,0,1,0,9.985891,9.990995
279,424431.547041,100,10013,0,0,0,0,1,0,9.986155,9.991163
280,424431.557026,85,9985,0,0,0,0,0,0,9.986413,9.991328
281,424431.567028,87,10001,0,0,0,0,1,0,9.986667,9.991490
282,424431.577024,83,9996,0,0,0,0,0,0,9.986916,9.991649
283,424431.587031,90,10006,0,0,0,0,1,0,9.987161,9.991805
284,424431.597025,84,9993,0,0,0,0,0,0,9.987401,9.991958
285,424431.607025,83,9999,0,0,0,0,0,0,9.987636,9.992108
286,424431.617029,87,10004,0,0,0,0,1,0,9.987867,9.992256
287,424431.627025,84,9996,0,0,0,0,0,0,9.988094,9.992400
288,424431.637029,88,10004,0,0,0,0,1,0,9.988316,9.992542
289,424431.647025,84,9996,24,0,0,24,0,0,9.988534,9.992682
290,424431.657033,92,10007,0,0,0,0,1,0,9.988749,9.992818
291,424431.667028,87,9994,0,0,0,0,0,0,9.988959,9.992953
292,424431.677025,84,9997,0,0,0,0,0,0,9.989165,9.993084
293,424431.687027,86,10001,0,0,0,0,1,0,9.989367,9.993213
294,424431.697028,87,10001,0,0,0,0,1,0,9.989566,9.993340
295,424431.707044,103,10015,0,0,0,0,1,0,9.989761,9.993465
296,424431.717030,89,9986,0,0,0,0,0,0,9.989952,9.993587
297,424431.727026,85,9995,0,0,0,0,0,0,9.990140,9.993707
298,424431.737028,86,10001,0,0,0,0,1,0,9.990324,9.993824
299,424431.747027,85,9999,0,0,0,0,0,0,9.990505,9.993939
300,424431.757030,89,10003,0,0,0,0,1,0,9.990682,9.994053
301,424431.767025,84,9995,0,0,0,0,0,0,9.990856,9.994164
302,424431.777027,86,10002,0,0,0,0,1,0,9.991027,9.994273
303,424431.787024,83,9996,0,0,0,0,0,0,9.991195,9.994380
304,424431.797040,99,10016,0,0,0,0,1,0,9.991359,9.994485
305,424431.807023,82,9983,0,0,0,0,0,0,9.991521,9.994588
306,424431.817048,107,10025,0,0,0,0,1,0,9.991679,9.994689
307,424431.827026,85,9977,0,0,0,0,0,0,9.991835,9.994788
308,424431.837023,82,9997,0,0,0,0,0,0,9.991987,9.994886
309,424431.847046,105,10023,0,0,0,0,1,0,9.992137,9.994981
310,424431.857024,83,9977,0,0,0,0,0,0,9.992284,9.995075
311,424431.867043,102,10019,0,0,0,0,1,0,9.992428,9.995167
312,424431.877029,87,9985,0,0,0,0,0,0,9.992569,9.995257
313,424431.887027,86,9998,0,0,0,0,0,0,9.992708,9.995346
314,424431.897025,84,9997,0,0,0,0,0,0,9.992844,9.995433
315,424431.907027,85,10001,0,0,0,0,1,0,9.992978,9.995518
316,424431.917026,85,9999,0,0,0,0,0,0,9.993109,9.995602
317,424431.927024,83,9998,0,0,0,0,0,0,9.993238,9.995684
318,424431.937027,86,10002,0,0,0,0,1,0,9.993364,9.995765
319,424431.947025,84,9997,0,0,0,0,0,0,9.993488,9.995844
320,424431.957025,84,9999,0,0,0,0,0,0,9.993610,9.995921
321,424431.967027,86,10002,0,0,0,0,1,0,9.993729,9.995998
322,424431.977024,83,9996,0,0,0,0,0,0,9.993847,9.996072
323,424431.987028,87,10004,0,0,0,0,1,0,9.993961,9.996146
324,424431.997065,124,10036,0,0,0,0,1,0,9.994074,9.996218
325,424432.007032,90,9967,0,0,0,0,0,0,9.994185,9.996288
326,424432.017028,87,9996,0,0,0,0,0,0,9.994294,9.996358
327,424432.027025,84,9996,0,0,0,0,0,0,9.994400,9.996426
328,424432.037025,83,9999,0,0,0,0,0,0,9.994505,9.996493
329,424432.047025,84,10000,0,0,0,0,0,0,9.994608,9.996558
330,424432.057025,84,10000,0,0,0,0,0,0,9.994708,9.996622
331,424432.067026,85,10000,0,0,0,0,0,0,9.994807,9.996685
332,424432.077025,83,9998,0,0,0,0,0,0,9.994904,9.996747
333,424432.087028,86,10003,0,0,0,0,1,0,9.994999,9.996808
334,424432.097029,88,10001,0,0,0,0,1,0,9.995093,9.996868
335,424432.107027,86,9998,0,0,0,0,0,0,9.995184,9.996926
336,424432.117024,83,9996,0,0,0,0,0,0,9.995274,9.996984
337,424432.127025,83,10000,0,0,0,0,0,0,9.995363,9.997040
338,424432.137023,82,9998,0,0,0,0,0,0,9.995449,9.997095
339,424432.147029,88,10005,0,0,0,0,1,0,9.995534,9.997150
340,424432.157023,82,9994,0,0,0,0,0,0,9.995618,9.997203
341,424432.167042,101,10019,0,0,0,0,1,0,9.995700,9.997255
342,424432.177032,91,9989,0,0,0,0,0,0,9.995780,9.997306
343,424432.187026,85,9994,0,0,0,0,0,0,9.995859,9.997357
344,424432.197026,85,9999,0,0,0,0,0,0,9.995936,9.997406
345,424432.207046,105,10020,0,0,0,0,1,0,9.996012,9.997455
346,424432.217036,94,9989,0,0,0,0,0,0,9.996087,9.997502
347,424432.227027,86,9991,0,0,0,0,0,0,9.996160,9.997549
348,424432.237024,83,9997,0,0,0,0,0,0,9.996231,9.997595
349,424432.247027,86,10002,0,0,0,0,1,0,9.996302,9.997640
350,424432.257024,83,9997,0,0,0,0,0,0,9.996371,9.997684
351,424432.267025,84,10000,0,0,0,0,0,0,9.996439,9.997727
352,424432.277030,89,10004,0,0,0,0,1,0,9.996505,9.997769
353,424432.287024,83,9994,0,0,0,0,0,0,9.996571,9.997811
354,424432.297024,83,9999,0,0,0,0,0,0,9.996635,9.997852
355,424432.307029,88,10005,0,0,0,0,1,0,9.996698,9.997892
356,424432.317025,83,9995,0,0,0,0,0,0,9.996759,9.997931
357,424432.327023,82,9998,0,0,0,0,0,0,9.996820,9.997970
358,424432.337029,88,10005,0,0,0,0,1,0,9.996879,9.998008
359,424432.347029,88,9999,0,0,0,0,0,0,9.996937,9.998045
360,424432.357024,83,9995,0,0,0,0,0,0,9.996995,9.998082
361,424432.367043,102,10018,0,0,0,0,1,0,9.997051,9.998118
362,424432.377030,89,9987,0,0,0,0,0,0,9.997106,9.998153
363,424432.387027,86,9996,0,0,0,0,0,0,9.997160,9.998187
364,424432.397045,103,10017,0,0,0,0,1,0,9.997213,9.998221
365,424432.407055,114,10010,0,0,0,0,1,0,9.997265,9.998254
366,424432.417028,87,9972,0,0,0,0,0,0,9.997316,9.998287
367,424432.427026,85,9998,0,0,0,0,0,0,9.997366,9.998319
368,424432.437029,88,10002,0,0,0,0,1,0,9.997416,9.998350
369,424432.447027,85,9997,0,0,0,0,0,0,9.997464,9.998381
370,424432.457045,104,10018,0,0,0,0,1,0,9.997511,9.998411
371,424432.467032,91,9987,0,0,0,0,0,0,9.997558,9.998441
372,424432.477038,97,10006,0,0,0,0,1,0,9.997603,9.998470
373,424432.487026,85,9988,0,0,0,0,0,0,9.997648,9.998499
374,424432.497024,83,9997,0,0,0,0,0,0,9.997692,9.998527
375,424432.507028,87,10003,0,0,0,0,1,0,9.997735,9.998554
376,424432.517027,86,9999,0,0,0,0,0,0,9.997777,9.998581
377,424432.527024,83,9996,0,0,0,0,0,0,9.997819,9.998608
378,424432.537026,85,10001,0,0,0,0,1,0,9.997860,9.998634
379,424432.547027,86,10001,0,0,0,0,1,0,9.997900,9.998659
380,424432.557048,107,10021,0,0,0,0,1,0,9.997939,9.998684
381,424432.567032,91,9983,0,0,0,0,0,0,9.997977,9.998709
382,424432.577029,87,9996,0,0,0,0,0,0,9.998015,9.998733
383,424432.587027,86,9998,0,0,0,0,0,0,9.998052,9.998757
384,424432.597027,86,10000,0,0,0,0,0,0,9.998089,9.998780
385,424432.607026,85,9998,0,0,0,0,0,0,9.998124,9.998803
386,424432.617024,83,9998,0,0,0,0,0,0,9.998159,9.998825
387,424432.627026,85,10001,0,0,0,0,1,0,9.998194,9.998847
388,424432.637024,83,9998,0,0,0,0,0,0,9.998228,9.998869
389,424432.647026,85,10001,0,0,0,0,1,0,9.998261,9.998890
390,424432.657065,124,10038,0,0,0,0,1,0,9.998293,9.998911
391,424432.667026,85,9960,0,0,0,0,0,0,9.998325,9.998931
392,424432.677025,84,9998,0,0,0,0,0,0,9.998356,9.998951
393,424432.687024,83,9999,0,0,0,0,0,0,9.998387,9.998971
394,424432.697029,88,10005,0,0,0,0,1,0,9.998417,9.998990
395,424432.707044,103,10014,0,0,0,0,1,0,9.998447,9.999009
396,424432.717031,90,9986,0,0,0,0,0,0,9.998476,9.999027
397,424432.727027,86,9996,0,0,0,0,0,0,9.998504,9.999045
398,424432.737025,84,9997,0,0,0,0,0,0,9.998532,9.999063
399,424432.747025,84,9999,0,0,0,0,0,0,9.998560,9.999081
400,424432.757030,89,10005,0,0,0,0,1,0,9.998587,9.999098
401,424432.767024,83,9994,0,0,0,0,0,0,9.998613,9.999115
402,424432.777025,84,10000,0,0,0,0,0,0,9.998639,9.999131
403,424432.787042,100,10016,0,0,0,0,1,0,9.998664,9.999147
404,424432.797043,102,10001,0,0,0,0,1,0,9.998689,9.999163
405,424432.807030,89,9986,0,0,0,0,0,0,9.998714,9.999179
406,424432.817048,107,10017,0,0,0,0,1,0,9.998738,9.999194
407,424432.827029,87,9980,0,0,0,0,0,0,9.998761,9.999209
408,424432.837028,87,9999,0,0,0,0,0,0,9.998784,9.999224
409,424432.847049,108,10021,0,0,0,0,1,0,9.998807,9.999239
410,424432.857024,82,9974,0,0,0,0,0,0,9.998829,9.999253
411,424432.867042,101,10018,0,0,0,0,1,0,9.998851,9.999267
412,424432.877028,87,9986,0,0,0,0,0,0,9.998873,9.999281
413,424432.887028,87,9999,0,0,0,0,0,0,9.998894,9.999294
414,424432.897028,87,10000,0,0,0,0,0,0,9.998915,9.999307
415,424432.907024,83,9995,0,0,0,0,0,0,9.998935,9.999320
416,424432.917024,83,10000,0,0,0,0,0,0,9.998955,9.999333
417,424432.927025,84,10000,0,0,0,0,0,0,9.998974,9.999345
418,424432.937027,86,10001,0,0,0,0,1,0,9.998993,9.999358
419,424432.947024,83,9997,0,0,0,0,0,0,9.999012,9.999370
420,424432.957026,85,10002,0,0,0,0,1,0,9.999031,9.999381
421,424432.967027,86,10001,0,0,0,0,1,0,9.999049,9.999393
422,424432.977042,101,10014,0,0,0,0,1,0,9.999067,9.999404
423,424432.987024,83,9982,0,0,0,0,0,0,9.999084,9.999415
424,424432.997028,86,10003,0,0,0,0,1,0,9.999101,9.999426
425,424433.007027,86,10000,0,0,0,0,0,0,9.999118,9.999437
426,424433.017028,87,10000,0,0,0,0,0,0,9.999134,9.999447
427,424433.027028,87,10000,0,0,0,0,0,0,9.999151,9.999458
428,424433.037026,85,9997,0,0,0,0,0,0,9.999166,9.999468
429,424433.047027,85,10000,0,0,0,0,0,0,9.999182,9.999478
430,424433.057029,88,10002,0,0,0,0,1,0,9.999197,9.999488
431,424433.067025,84,9996,0,0,0,0,0,0,9.999212,9.999497
432,424433.077024,83,9998,0,0,0,0,0,0,9.999227,9.999507
433,424433.087026,85,10001,0,0,0,0,1,0,9.999241,9.999516
434,424433.097028,87,10002,0,0,0,0,1,0,9.999256,9.999525
435,424433.107043,102,10015,0,0,0,0,1,0,9.999270,9.999534
436,424433.117024,83,9980,0,0,0,0,0,0,9.999283,9.999542
437,424433.127024,83,9999,0,0,0,0,0,0,9.999297,9.999551
438,424433.137044,103,10019,0,0,0,0,1,0,9.999310,9.999559
439,424433.147032,91,9988,0,0,0,0,0,0,9.999323,9.999568
440,424433.157025,84,9993,0,0,0,0,0,0,9.999335,9.999576
441,424433.167024,83,9999,0,0,0,0,0,0,9.999348,9.999584
442,424433.177025,84,10001,0,0,0,0,1,0,9.999360,9.999591
443,424433.187023,82,9998,0,0,0,0,0,0,9.999372,9.999599
444,424433.197044,103,10020,0,0,0,0,1,0,9.999384,9.999607
445,424433.207042,100,9997,0,0,0,0,0,0,9.999395,9.999614
446,424433.217033,92,9991,0,0,0,0,0,0,9.999406,9.999621
447,424433.227028,87,9994,0,0,0,0,0,0,9.999417,9.999628
448,424433.237026,85,9998,0,0,0,0,0,0,9.999428,9.999635
449,424433.247047,106,10020,0,0,0,0,1,0,9.999439,9.999642
450,424433.257028,86,9980,0,0,0,0,0,0,9.999449,9.999649
451,424433.267027,86,9999,0,0,0,0,0,0,9.999460,9.999655
452,424433.277026,84,9998,0,0,0,0,0,0,9.999470,9.999662
453,424433.287026,85,10000,0,0,0,0,0,0,9.999480,9.999668
454,424433.297046,104,10019,0,0,0,0,1,0,9.999489,9.999674
455,424433.307027,86,9981,0,0,0,0,0,0,9.999499,9.999680
456,424433.317024,83,9997,0,0,0,0,0,0,9.999508,9.999686
457,424433.327025,84,10000,0,0,0,0,0,0,9.999518,9.999692
458,424433.337027,86,10002,0,0,0,0,1,0,9.999527,9.999698
459,424433.347024,83,9997,0,0,0,0,0,0,9.999535,9.999703
460,424433.357027,86,10002,0,0,0,0,1,0,9.999544,9.999709
461,424433.367038,97,10011,0,0,0,0,1,0,9.999553,9.999714
462,424433.377045,104,10007,0,0,0,0,1,0,9.999561,9.999720
463,424433.387034,93,9988,0,0,0,0,0,0,9.999569,9.999725
464,424433.397061,120,10026,0,0,0,0,1,0,9.999577,9.999730
465,424433.407049,108,9988,0,0,0,0,0,0,9.999585,9.999735
466,424433.417026,85,9977,0,0,0,0,0,0,9.999593,9.999740
467,424433.427044,103,10017,0,0,0,0,1,0,9.999600,9.999745
468,424433.437027,86,9983,0,0,0,0,0,0,9.999608,9.999750
469,424433.447027,86,10000,0,0,0,0,0,0,9.999615,9.999754
470,424433.457045,104,10018,0,0,0,0,1,0,9.999622,9.999759
471,424433.467022,81,9976,0,0,0,0,0,0,9.999630,9.999764
472,424433.477033,92,10010,0,0,0,0,1,0,9.999636,9.999768
473,424433.487026,85,9993,0,0,0,0,0,0,9.999643,9.999772
474,424433.497025,84,9999,0,0,0,0,0,0,9.999650,9.999777
475,424433.507024,83,9998,0,0,0,0,0,0,9.999656,9.999781
476,424433.517027,86,10003,0,0,0,0,1,0,9.999663,9.999785
477,424433.527026,85,9998,0,0,0,0,0,0,9.999669,9.999789
478,424433.537027,86,10001,0,0,0,0,1,0,9.999675,9.999793
479,424433.547024,83,9996,0,0,0,0,0,0,9.999681,9.999797
480,424433.557025,84,10001,0,0,0,0,1,0,9.999687,9.999800
481,424433.567024,83,9999,0,0,0,0,0,0,9.999693,9.999804
482,424433.577026,85,10001,0,0,0,0,1,0,9.999699,9.999808
483,424433.587029,88,10002,0,0,0,0,1,0,9.999705,9.999811
484,424433.597025,84,9995,0,0,0,0,0,0,9.999710,9.999815
485,424433.607024,83,9999,0,0,0,0,0,0,9.999715,9.999818
486,424433.617026,85,10001,0,0,0,0,1,0,9.999721,9.999822
487,424433.627026,85,10000,0,0,0,0,0,0,9.999726,9.999825
488,424433.637024,83,9998,0,0,0,0,0,0,9.999731,9.999828
489,424433.647025,84,10000,0,0,0,0,0,0,9.999736,9.999832
490,424433.657024,83,9999,0,0,0,0,0,0,9.999741,9.999835
491,424433.667025,84,10000,0,0,0,0,0,0,9.999746,9.999838
492,424433.677021,80,9996,0,0,0,0,0,0,9.999751,9.999841
493,424433.687027,86,10006,0,0,0,0,1,0,9.999755,9.999844
494,424433.697023,82,9996,0,0,0,0,0,0,9.999760,9.999847
495,424433.707058,117,10034,0,0,0,0,1,0,9.999764,9.999850
496,424433.717031,90,9972,0,0,0,0,0,0,9.999769,9.999852
497,424433.727028,87,9997,0,0,0,0,0,0,9.999773,9.999855
498,424433.737025,84,9996,0,0,0,0,0,0,9.999777,9.999858
499,424433.747026,85,10001,0,0,0,0,1,0,9.999782,9.999861
